<?xml version="1.0" encoding="UTF-8"?>
<project-private xmlns="http://www.netbeans.org/ns/project-private/1">
    <editor-bookmarks xmlns="http://www.netbeans.org/ns/editor-bookmarks/2" lastBookmarkId="0"/>
    <open-files xmlns="http://www.netbeans.org/ns/projectui-open-files/2">
        <group>
            <file>file:/C:/Users/AANIL/MPLABXProjects/car_black_box.X/password.c</file>
            <file>file:/C:/Users/AANIL/MPLABXProjects/car_black_box.X/main.h</file>
            <file>file:/C:/Users/AANIL/MPLABXProjects/car_black_box.X/clcd.h</file>
            <file>file:/C:/Users/AANIL/MPLABXProjects/car_black_box.X/main.c</file>
            <file>file:/C:/Users/AANIL/MPLABXProjects/car_black_box.X/menu.c</file>
            <file>file:/C:/Users/AANIL/MPLABXProjects/car_black_box.X/ds1307.h</file>
        </group>
    </open-files>
</project-private>
